{
    "3": {
        "Dice": 0.0022932025603950024,
        "IoU": 0.0011479175882413983,
        "Precision": 0.43878394971691803,
        "Recall": 0.0011496057035435988,
        "F1-Score": 0.0022954711104035816
    }
}