{
    "3": {
        "Dice": 6.127378465725641e-11,
        "IoU": 6.127378465725641e-11,
        "Precision": 1.0,
        "Recall": 6.127378382831993e-11,
        "F1-Score": 1.000121547384828e-06
    }
}