Epoch,Dice,IoU,Precision,Recall,F1-Score
3,6.127378465725641e-11,6.127378465725641e-11,1.0,6.127378382831993e-11,1.000121547384828e-06
