Epoch,Dice,IoU,Precision,Recall,F1-Score
3,0.0022932025603950024,0.0011479175882413983,0.43878394971691803,0.0011496057035435988,0.0022954711104035816
